{
  "relationship": {
    "precision": 0.0,
    "recall": 0.0,
    "f1-score": 0.0,
    "support": 119,
    "confused_with": {}
  },
  "timeframe": {
    "precision": 0.0,
    "recall": 0.0,
    "f1-score": 0.0,
    "support": 139,
    "confused_with": {}
  },
  "incident_type": {
    "precision": 0.0,
    "recall": 0.0,
    "f1-score": 0.0,
    "support": 190,
    "confused_with": {}
  },
  "county": {
    "precision": 1.0,
    "recall": 0.34545454545454546,
    "f1-score": 0.5135135135135135,
    "support": 55,
    "confused_with": {}
  },
  "micro avg": {
    "precision": 1.0,
    "recall": 0.03777335984095427,
    "f1-score": 0.07279693486590039,
    "support": 503
  },
  "macro avg": {
    "precision": 0.25,
    "recall": 0.08636363636363636,
    "f1-score": 0.12837837837837837,
    "support": 503
  },
  "weighted avg": {
    "precision": 0.10934393638170974,
    "recall": 0.03777335984095427,
    "f1-score": 0.05614958895276986,
    "support": 503
  },
  "accuracy": 0.7779816513761468
}